,total,data,border
0,0.8371905717584822,0.9204961525069344,0.7538849861934932
1,0.3177952182413351,0.3935682933137874,0.2398279754802434
2,0.2623074110409226,0.3116775380842613,0.2101054695820567
3,0.2350994455392914,0.2787304902919615,0.1881955186224947
4,0.2022171289932848,0.2392775944688103,0.1618111001120673
5,0.1553638977835876,0.1778418841687115,0.1305710455082883
6,0.1138570949886784,0.1178610950256839,0.1094130450727963
7,0.0907831252975897,0.0870442220357933,0.0949302036503348
8,0.0774950801272584,0.0707627082563409,0.0849370145135455
9,0.067981426161949,0.0593452040821012,0.0774865556846965
10,0.0609480240805582,0.0513730502188807,0.0714350217821622
11,0.0554812950919372,0.0455491268123039,0.0663044211840388
12,0.0507901978838925,0.0412524574332767,0.0611310258808762
13,0.0474172305278103,0.0379055346729177,0.0576808292682122
14,0.0440420615251618,0.0352125571607941,0.0535254016744368
15,0.041667474791257,0.0330313368126599,0.0509036587871084
16,0.0391615861368299,0.0309611083093014,0.0478958886003855
17,0.0371035898499416,0.0293464745310219,0.0453338622294291
18,0.0352989622965605,0.0279057433809896,0.0431148304481699
19,0.0335358640912807,0.0266713365874808,0.0407680762611856
20,0.0322293215478309,0.0256510888687287,0.0391380896773001
21,0.0306635454033661,0.0245928565661112,0.0370201947487363
22,0.0292765957049348,0.0236486804229442,0.0351534059854468
23,0.0282492000383861,0.02307912978259,0.0336342167033992
24,0.027015380128616,0.0222327666300715,0.0319852345256191
25,0.0261921635217437,0.0218336666096942,0.0307115825137706
26,0.0250132563288765,0.0211013071615286,0.0290617108194514
27,0.0243013141620339,0.0207050294624735,0.0280165627899796
28,0.0235275874347096,0.0202313853296065,0.0269273347362424
29,0.0224934980611909,0.0197687403609355,0.02529970022163
30,0.0217541935806623,0.0193730626593936,0.0242034733445957
31,0.0211596384719766,0.0190397839466429,0.0233378018995728
32,0.0202202040024779,0.0186626715115224,0.0218190219479076
33,0.0199020034022102,0.0183942092375622,0.0214486325329
34,0.0189688346640329,0.0180448705725597,0.0199159222908995
35,0.0186920477020921,0.0178638981147245,0.0195405282117802
36,0.0178433300532174,0.0174808771246009,0.0182145222494698
37,0.0175403793803369,0.017264525829391,0.01782281973371
38,0.0167750969453893,0.0169294252427238,0.0166171121157028
39,0.0164196394816643,0.0167568777734884,0.016074422756304
40,0.015874311290305,0.0164049235595898,0.0153311096940829
41,0.0155229574219897,0.016233270602169,0.0147956888464213
42,0.0151657283569526,0.0159914613315703,0.014320108409256
43,0.0149246205133621,0.0159420678297979,0.0138823924341587
44,0.0140911267524716,0.015412480796151,0.0127371329851824
45,0.0140481010323973,0.0153522481577414,0.0127111192171772
46,0.0138841786638203,0.0152397460275978,0.0124938454140316
47,0.0133546084598308,0.0148754418272562,0.0117940236390991
48,0.0129954677846546,0.0147029387416562,0.0112424110053013
49,0.0128783746575466,0.0146008432758125,0.0111088174291782
50,0.0124710964772737,0.0143206398651906,0.0105697992963321
51,0.0125523835533496,0.0142428514387721,0.0108134326515625
52,0.0120978025775967,0.0139830916028733,0.0101572502348007
53,0.0117600031968469,0.0137941442768682,0.0096647843266978
54,0.0117779183907039,0.0136611282806655,0.0098366942068543
55,0.0115475925438181,0.0135325337713113,0.0095000878503226
56,0.0115926559318346,0.0134907824674037,0.0096332676981509
57,0.0109654836017977,0.0131309729709167,0.0087285454648386
58,0.0109606141017542,0.013038026912119,0.0088129214086391
59,0.0108557239438247,0.0129432614253024,0.008695900440216
60,0.0106531856581568,0.0126932152085984,0.0085408795634378
61,0.0105104804170703,0.012608551062794,0.0083364370946932
62,0.01032623075739,0.0124592150966025,0.0081142872769498
63,0.0102267955815551,0.0123123911802064,0.0080622781604302
64,0.0102449914986135,0.0122315485425519,0.0081816665273197
65,0.0099636566909876,0.0120967850841657,0.0077464762096754
66,0.0098553818528248,0.0119384607921044,0.0076885076822957
67,0.0099506464909122,0.011832208419689,0.0079918853618731
68,0.0095894810546076,0.01172451111441,0.0073653252917633
69,0.0095848971789683,0.0116321320052851,0.0074505101080344
70,0.0093227602786036,0.0114485657105993,0.007104781813769
71,0.0093352637921619,0.0113611953765755,0.0072198207866438
72,0.0094475382562689,0.0113211838020519,0.0074896484500531
73,0.0090189927981959,0.0111494811270574,0.0067911915518719
74,0.0092797028935617,0.0111328809418612,0.0073403462795822
75,0.0088479511740833,0.010942251543806,0.0066547806073695
76,0.0090151213843262,0.0109101710088475,0.0070290696064029
77,0.00876600271787,0.0107553957237137,0.0066796343566642
78,0.0087075944086818,0.0106439908985236,0.0066753200847994
79,0.0087392379887251,0.0105653175369206,0.0068213835292768
80,0.0085063880883307,0.0105324518876244,0.0063770885127737
81,0.0084691019399524,0.0103778084175604,0.0064616425508501
82,0.0085617172428303,0.0103763953660323,0.0066518191897282
83,0.0082971423234075,0.0101838010372688,0.0063101803611098
84,0.008334400983659,0.0101638623052323,0.0064063493228244
85,0.0082434158809859,0.0100633387237486,0.0063241424904477
86,0.008229288789961,0.0100912616371807,0.0062643743421167
87,0.008090366562358,0.0098453556385004,0.0062370973573339
88,0.0080157447032479,0.0098580700825109,0.0060690158808773
89,0.0081511396830054,0.0098153020659781,0.0063914922865653
90,0.0079530643327443,0.0097210714499456,0.0060825032191445
91,0.0078704283958432,0.0096245864970665,0.0060133335199395
92,0.0077371327817966,0.0095422734703981,0.0058248547761879
93,0.0077949721892975,0.0094977193559058,0.0059899849243311
94,0.0076938042642943,0.0094115790355988,0.0058717744029832
95,0.0076339782516688,0.009338175162974,0.0058252332929634
96,0.0078419872907677,0.009458452717147,0.0061253050266943
97,0.0076261000905298,0.0092255369280323,0.0059265298627768
98,0.0074144666779297,0.0090907447397558,0.0056322320044567
99,0.0075290123885027,0.0091483283581005,0.0058063071484517
100,0.0074085355501132,0.0090362097353044,0.0056759407273446
101,0.007353772573888,0.0089946236517844,0.0056061379169349
102,0.0072784678389628,0.0089084824942278,0.0055413591402648
103,0.0073815610382066,0.0089205071668733,0.0057405497257908
104,0.0072019435042007,0.0087832409625101,0.0055148594758727
105,0.0074515070606286,0.0088265947903497,0.0059836048896264
106,0.0071085522026576,0.0087580143314118,0.005346925830412
107,0.0069527070442534,0.0085597702424333,0.0052353509824083
108,0.0073191031362071,0.0087116983239397,0.0058300804459687
109,0.0068756915167952,0.0085183535937709,0.0051184438799291
110,0.0069893700954965,0.0085025477138432,0.0053696885488626
111,0.0069299301254854,0.0084183156734915,0.0053359379879001
112,0.00708210251454,0.0084252298028782,0.0056429236299461
113,0.0068647446901057,0.0083581575314805,0.0052637973273492
114,0.0069159254610463,0.0083484009021159,0.0053794981930593
115,0.0067135317749673,0.0082110968568936,0.0051064925230663
116,0.0068068651087356,0.0082433611493219,0.0052645470279109
117,0.006857815363228,0.0082587009258192,0.0053529784064551
118,0.0066259898800365,0.0081008115519929,0.0050409630016245
119,0.0068348231443175,0.0081326120081498,0.0054393372865337
120,0.006524002466426,0.007958017604783,0.0049813546832989
121,0.0066534651048255,0.0079830964331072,0.0052223932797634
122,0.0066452912487691,0.0079691716460417,0.0052197605578435
123,0.0064226652241565,0.0078713505886344,0.0048620417817599
124,0.0065479953820356,0.0078593185030375,0.0051346305908277
125,0.0065582562002795,0.0078555734103752,0.0051593610951018
126,0.0064652501558414,0.0077571822518501,0.0050715481147471
127,0.0064772741652724,0.0077923291993111,0.0050580016422
128,0.0062263673077328,0.0076233043260119,0.0047180470540141
129,0.0063967854254926,0.0077067245541121,0.0049817111728844
130,0.0068709886717525,0.0080390388964477,0.0056086267730352
131,0.0061810036528516,0.0075434226015902,0.0047080185443087
132,0.0062569839117879,0.0075139962183781,0.0048973194154148
133,0.0062125761842712,0.0074830128990038,0.0048378054758138
134,0.0063996266978181,0.0076182720326639,0.005080330590106
135,0.0060784239980458,0.0073988860604738,0.0046483201840233
136,0.0064490155994214,0.0076074376561199,0.0051938367071514
137,0.006143287191111,0.0073356715106226,0.0048508177878278
138,0.0061487372202629,0.0073863739110153,0.004806682140557
139,0.0060518927580554,0.0073280634377339,0.0046674746436753
140,0.0061336975083733,0.0073641534480783,0.0047982914439129
141,0.0060570093972439,0.0072161755477539,0.0047984531271563
142,0.0060907900145258,0.0072605493196258,0.0048202432649718
143,0.0060637209498596,0.0071995160730574,0.0048295859825994
144,0.0059413125343395,0.0071334247195133,0.0046454985941186
145,0.0060224077908905,0.0071711262330563,0.0047732633562062
146,0.0059417043671463,0.0071169212272371,0.0046632606888923
147,0.0060244627306331,0.00710925845561,0.0048439193262972
148,0.0058813196456417,0.0070610222020986,0.0045970411185701
149,0.0057904661275596,0.0069457946646243,0.0045322262343357
150,0.005972164828857,0.0070602204603603,0.0047867327335883
151,0.0057648045594117,0.0069308075865711,0.0044939997417833
152,0.0058508093863951,0.006910394881899,0.0046955375471199
153,0.0056468128941652,0.0068132453645118,0.0043746087243874
154,0.0058111973868852,0.0068709398478721,0.0046549067747863
155,0.0058397849024546,0.0068372319301947,0.0047510921052007
156,0.0056749741979545,0.0067365589278815,0.0045159104294284
157,0.0057677677550324,0.006827715492685,0.0046100908551703
158,0.0055081113429758,0.0066849597626262,0.0042223129562582
159,0.005755277322323,0.0068106479246658,0.0046017472373528
160,0.0056907457694637,0.0066875761722901,0.0046008291743658
161,0.0055577135738926,0.0066073029019841,0.0044097469371715
162,0.0055779909639798,0.0066092560641618,0.0044496812730688
163,0.0055776594037359,0.0065988953733308,0.0044599506707692
164,0.0055793845376959,0.0065830063658079,0.0044805935602823
165,0.0054815907332331,0.0065358308087469,0.0043270112311636
166,0.0055682538171308,0.0064934563324457,0.0045546444951359
167,0.0054004712717024,0.0064840409904718,0.0042130216518699
168,0.0054371172486983,0.0064495862226444,0.0043271898475447
169,0.0056023634640932,0.0065382552718875,0.0045760496698244
170,0.005411116453358,0.0063443238084966,0.0043874491368316
171,0.0053494404954365,0.0063954031405349,0.0042017527380864
172,0.0053323156887082,0.0063227905487321,0.0042451420620159
173,0.0055019891294039,0.0064021166451651,0.0045136696202774
174,0.0052169994262959,0.006228602975795,0.004105974047567
175,0.0056400201330431,0.0064436576818351,0.0047571116075333
176,0.0051020480306687,0.0061779745732142,0.0039197171549077
177,0.0055047369966603,0.0063526739102948,0.0045726102743899
178,0.0051984021374297,0.00619496792235,0.0041026115285778
179,0.0054779592760358,0.0062263227218404,0.0046548193974439
180,0.0050804596723555,0.0060575120762517,0.0040055534689489
181,0.0053939450805009,0.0062571609665573,0.0044439779476949
182,0.0049963259617939,0.0060062526649974,0.0038846132411348
183,0.0052315134395177,0.0060875716600378,0.0042888665374255
184,0.0052853441665494,0.0061596954956349,0.004322303019257
185,0.0049679006844984,0.005951643408737,0.0038840837654366
186,0.0052823856839853,0.0060889215462587,0.0043935188035847
187,0.0049999835806889,0.0059212643860114,0.0039844179380158
188,0.0052190857628981,0.0060416266576132,0.0043121010413148
189,0.0051316773575363,0.0060104470596545,0.0041624533148915
190,0.0049972721102713,0.0058542420673701,0.0040518364332842
191,0.0051271256689697,0.0059657326212736,0.0042017047726219
192,0.0049947931365382,0.0058633693719677,0.004036057564063
193,0.005118384171804,0.0059451175138655,0.0042055898600003
194,0.0049523068262696,0.0057736627729327,0.0040452247344408
195,0.0050143776179263,0.0058653300223552,0.0040743765609357
196,0.0052524202343339,0.0059330052592688,0.0045004201996507
197,0.0048584872997845,0.0057526238855313,0.0038703462047822
198,0.0048941074955192,0.0057196351229166,0.003981531729376
199,0.0051772025404403,0.0059286606065326,0.0043462985924285
200,0.0046579356192413,0.0055522682389827,0.0036688416918758
201,0.0048393024874832,0.0056226208354487,0.0039727379041112
202,0.0049993692464524,0.005780250285611,0.0041353004241381
203,0.0049925344064831,0.005694510151792,0.0042155991247243
204,0.0048067287325558,0.0055903021594264,0.0039393111376675
205,0.0047434319629136,0.0055711293461346,0.003826954837117
206,0.0047969549725001,0.0055812911384484,0.003928269697071
207,0.0049417085305909,0.0056697954141506,0.0041351338161738
208,0.0046756822437123,0.005478852103944,0.0037857452501552
209,0.0047911890368494,0.0055485194586593,0.0039518389197047
210,0.0047500640097441,0.0055073820468452,0.0039105414144807
211,0.0047686619806395,0.0055101204550627,0.0039465382949195
212,0.0048810090267598,0.0055445355805333,0.0041451364957887
213,0.0047372993872021,0.0054912275418338,0.0039010177662765
214,0.0047146069036439,0.0054682098761802,0.0038785012274265
215,0.0046010096181146,0.0053324722920102,0.0037892891159939
216,0.0046411139627147,0.0053758164538503,0.0038256239113068
217,0.0047182497436726,0.0054114567294641,0.0039486521408149
218,0.0046508911093979,0.0053664288822222,0.0038563471706113
219,0.0046913375033799,0.0053790751515389,0.0039275057326927
220,0.0045380822448718,0.005272239084459,0.0037225386494714
221,0.0047552087908667,0.005379010598655,0.0040621041753
222,0.0045695208680975,0.0053001250695399,0.0037576140285554
223,0.004528767471625,0.0052248839702871,0.0037550207561427
224,0.0046228489349361,0.0053176814266903,0.0038503767696745
225,0.0045875377971867,0.0052459693203369,0.0038553890560499
226,0.0045814018536622,0.0052087674049114,0.003883670291139
227,0.0045100847268571,0.0052181634619229,0.0037224552890455
228,0.0045152013519346,0.0051540836005123,0.0038043963581775
229,0.004522854702152,0.0052162532722859,0.0037512615172549
230,0.0045351446747328,0.0051434906293647,0.0038580614509004
231,0.0045169077653701,0.0051988963122394,0.0037577384730067
232,0.0043813511258875,0.0050449085638228,0.0036425573017561
233,0.0045896158365513,0.0051648775962266,0.0039490085669012
234,0.0044928460824068,0.0051504333710504,0.0037604544965569
235,0.0043369632289566,0.0049930913844192,0.0036060634337252
236,0.0043689037174588,0.0050240953198888,0.0036389129612632
237,0.0044073123259074,0.0050344146421235,0.0037084881056363
238,0.0044216013353581,0.0050320783724086,0.0037411872669113
239,0.0044067151976203,0.005038321098181,0.0037026372550036
240,0.0044529991685365,0.0050077017707129,0.0038345426396288
241,0.0042904243860958,0.0049379695291546,0.0035683538016834
242,0.0043138743594589,0.0049470522243416,0.0036076964396569
243,0.0043648841715596,0.0049557820893824,0.0037057454029869
244,0.0043217168904539,0.00493402893401,0.0036385838939535
245,0.0043627421108234,0.0049567677155889,0.0036999016195874
246,0.0042927466342319,0.0048540206767167,0.0036663526782032
247,0.0043486094412704,0.0049398696953148,0.0036886551633778
248,0.0042190108509414,0.0048184106126427,0.0035498669004124
249,0.0043167013985415,0.0048815824815796,0.0036859908893779
250,0.0042806022725246,0.0048605381802778,0.00363298857848
251,0.0042418860171855,0.0048129282223832,0.0036041064851098
252,0.0042188667334766,0.0047972235979154,0.0035728213584257
253,0.0043387469280548,0.0048749111733879,0.0037397410311369
254,0.0041775629441771,0.0047509086158389,0.0035369328829939
255,0.0042943365876609,0.0048102411215729,0.0037178009009985
256,0.0040996806964165,0.0047055746221707,0.0034224957255928
257,0.004215804763571,0.0047693736851215,0.0035969985512583
258,0.0042334452925268,0.0047535900299371,0.0036519203673709
259,0.0041434956606326,0.0046834568493068,0.0035397389367448
260,0.0041976331408615,0.0047530513821226,0.0035765075519906
261,0.004097902486477,0.0046385321295773,0.0034932295645991
262,0.0042460439961892,0.004770827780694,0.0036590125628116
263,0.0040724125427353,0.0045973454846652,0.0034851381964417
264,0.0041518986479125,0.0046741005428361,0.0035676022008475
265,0.0040691904394388,0.0045996108468659,0.003475621516694
266,0.0042012367383435,0.0046912987076799,0.0036527583765976
267,0.0040158622173799,0.0045539125696652,0.0034136065691145
268,0.0041675312806748,0.004636910560569,0.0036420679340759
269,0.0040253913547429,0.004557093727694,0.0034300955130031
270,0.004107548427213,0.0046015081955402,0.0035544343603154
271,0.0040300949805914,0.0045212383541946,0.0034800702118023
272,0.0041208262555301,0.0046218317378349,0.00355969005349
273,0.0040310170463841,0.0045270556019562,0.0034753772397196
274,0.0040195598431646,0.0045387828957778,0.0034378803208131
275,0.0039806749337738,0.0044572676785967,0.0034466847434
276,0.0040394926674174,0.0045266292819922,0.0034936270394334
277,0.003979216602565,0.0044819954876797,0.0034157579995202
278,0.0040501415038086,0.0045099983819656,0.0035347208272515
279,0.0039933237501166,0.0044605136717283,0.0034696300081306
280,0.0039939549022514,0.0044672097399304,0.0034634057112564
281,0.0039297712595211,0.0043981427872421,0.0034046377069457
282,0.0039568235815474,0.0044204705121992,0.0034369303694352
283,0.0039504057553719,0.0044137942463611,0.0034307464463354
284,0.0039687734873344,0.0044262094677171,0.0034557350915903
285,0.0039998344357379,0.0044504101011864,0.0034944376898835
286,0.0038737451064993,0.0043329783395459,0.0033585846899171
287,0.0039170111571861,0.0043395383264681,0.0034429769953618
288,0.003919872104877,0.004379493165573,0.003404175754486
289,0.0039180272512815,0.0043763152671733,0.0034037724494783
290,0.0039299354733278,0.0043360177578047,0.0034742136862166
291,0.003851870479382,0.0043134176868456,0.0033338611799696
292,0.0038998672019012,0.0043300577448775,0.0034169981331385
293,0.0038557779914088,0.0042894731906026,0.0033689293271927
294,0.0039336340374905,0.0043509807578767,0.0034650927644712
295,0.0037828684770361,0.0042423011048348,0.003267034076888
296,0.0038869238547943,0.0043093248298673,0.00341261611226
297,0.0038145885595844,0.0042501756253492,0.003325429441633
298,0.0038271803418268,0.0042318291585854,0.0033727199135517
299,0.0038833428136628,0.0042705961051538,0.0034483834710724
300,0.0037945098163691,0.0042107003515191,0.0033270130851164
301,0.003789622832861,0.0042095796553173,0.0033178531348404
302,0.0038237816000338,0.0042481228586926,0.003347043237282
303,0.0037721670514932,0.0041713673254531,0.0033236325746684
304,0.0037922474339303,0.0041967869425813,0.0033376763428965
305,0.0038096609835823,0.0041921120936596,0.0033798733810809
306,0.003742314014358,0.0041417966977777,0.003293353448048
307,0.0037717471026222,0.0041777235079519,0.0033154512609759
308,0.0037690274784285,0.0041656532498885,0.003323203496014
309,0.0037762266019302,0.0041647579243425,0.0033394654276733
310,0.0037085630065488,0.004097007631296,0.0032718656537583
311,0.0037675977524633,0.0041535328862003,0.0033336875847343
312,0.0036918308463587,0.0040750708736742,0.0032609175711945
313,0.0037593915258919,0.0041458107380553,0.0033248703399992
314,0.00368886874904,0.0040762507135631,0.0032532302253512
315,0.003713014413311,0.00407375000897,0.0033073100976344
316,0.0037311808808208,0.0040968673473054,0.0033198814801495
317,0.0037093367968507,0.0040877461668593,0.0032836976837404
318,0.0036898356194447,0.0040482214835444,0.0032866893646617
319,0.0037050539077344,0.0040594060068028,0.0033064187960605
320,0.0036231155479044,0.0040152788543227,0.0031819166450977
321,0.0036622085326323,0.0040316014348369,0.0032465920755357
322,0.0037738931097203,0.0040935389086077,0.0034142236220603
323,0.0035797982227358,0.0039636408769045,0.0031478730067987
324,0.0036369011375225,0.003995018037544,0.0032338924880017
325,0.0037839572119404,0.0040971412854927,0.0034314900909484
326,0.0035326618282594,0.0039290225537813,0.0030865647613701
327,0.0036153839242578,0.0039531002479671,0.0032352583242975
328,0.0035957403062381,0.003955390692378,0.0031909012856582
329,0.0036989408404086,0.0040208578081519,0.0033365518484979
330,0.0035945973711822,0.0039375982943433,0.0032084544066979
331,0.0035737924621148,0.0039413079826368,0.0031600256610398
332,0.0036202892872758,0.0039392999053528,0.003261105813594
333,0.0035792747606532,0.0039201555068068,0.0031954476896748
334,0.003621219179941,0.0039522506959849,0.0032484596101284
335,0.0035332020706111,0.0038752944956561,0.0031479660590941
336,0.0036448288539593,0.0039718967575504,0.0032764897879325
337,0.0035714423495598,0.0038794091117163,0.0032245957532502
338,0.0035338081922758,0.0038493744172908,0.0031783865938772
339,0.0035691780597912,0.0039081696392686,0.0031873526197453
340,0.0035555719379147,0.0038793602102257,0.0031908487458948
341,0.0035125914410772,0.0038359883368353,0.0031482897407252
342,0.0035710374735333,0.003891462838804,0.0032100637015331
343,0.0035213915433621,0.0038266339212317,0.0031775042880326
344,0.0035346393600444,0.0038506471260328,0.0031786067340748
345,0.0035067618909207,0.0038234986825799,0.0031498900116092
346,0.0035605245514424,0.0038640391236792,0.0032185330667128
347,0.0034503735028056,0.00376570962059,0.0030950452342177
348,0.0035108688306251,0.0038113441962673,0.0031722686441634
349,0.0034879891912104,0.0038093262742452,0.0031258644009328
350,0.003515814292254,0.0037924137196945,0.0032040880607309
351,0.0035110282913941,0.0038033121176101,0.0031816155456872
352,0.0034974166944698,0.0037916774715701,0.0031657617097024
353,0.0034840458585419,0.0037821321889306,0.0031480648404344
354,0.0034495645174474,0.0037511305229719,0.0031096473397367
355,0.003481998018958,0.0037764838421623,0.0031500452320383
356,0.0034254307886867,0.0037240962817738,0.0030887528967037
357,0.0208428223297526,0.0193136279221925,0.0225667220121719
358,0.0059046726321067,0.0067086057652803,0.004999419744832
359,0.0034666012459895,0.0039304897889984,0.0029441422307769
360,0.0033552363359679,0.0037770979600309,0.0028800557113506
361,0.0033083566525631,0.0037120013107366,0.0028536492356597
362,0.0032836393443773,0.0036755900176223,0.0028420640296782
363,0.0032671091236136,0.0036507661059273,0.0028348393277312
364,0.0032540373621753,0.0036311305852399,0.0028291257789753
365,0.0032454211796361,0.0036161790244431,0.0028276138191083
366,0.003237037230377,0.003603124793506,0.0028244597823217
367,0.0032292053366851,0.0035918216983025,0.0028205069318187
368,0.0032268467293393,0.0035841442630485,0.0028241119027664
369,0.0032343106800596,0.0035800675348839,0.0028445553058062
370,0.0032676266355797,0.0035899173247279,0.0029042972477548
371,0.0032928642191256,0.0035974301369578,0.0029494961220394
372,0.0032778715578406,0.003589443408536,0.0029265871835928
373,0.0033032003780732,0.0036047057676684,0.0029632471186682
374,0.0033188527073673,0.0036037681751291,0.0029975889495225
375,0.0032621783514817,0.0035629810652498,0.0029229857309749
376,0.0033355118151791,0.0036013193941214,0.003035765726853
377,0.0033153740529234,0.0035921348578701,0.0030032660896805
378,0.0033326880286701,0.0036054307129234,0.0030250988543184
379,0.0033329338884225,0.0036098275573529,0.0030206517655063
380,0.0033748235972127,0.0036325553935397,0.0030841411448864
381,0.0033368221295978,0.0036013273573997,0.0030384925288157
382,0.0033330817946769,0.0036083324271432,0.0030226218467107
383,0.0033154916159357,0.0035847811559873,0.0030117444552932
384,0.0034016310496048,0.0036663673183118,0.0031030089029985
385,0.0033356756668048,0.0035992202541856,0.0030383882536129
386,0.0033205144079119,0.0035894049021104,0.0030171869515507
387,0.0033730931904618,0.0036131843943336,0.0031022441484071
388,0.0033461312537617,0.0035791685287323,0.0030832339802549
389,0.0032720892981748,0.00354540720582,0.0029637443837756
390,0.0033600811559631,0.0035989204906115,0.003090622985378
391,0.0032718508984103,0.0035454668857232,0.0029631516534007
392,0.0033275625795464,0.0035633828815524,0.003061494488984
393,0.0033042150728329,0.0035535006271204,0.0030229494817592
394,0.0033134038729423,0.0035490071321037,0.003047568257898
395,0.0033039940271827,0.0035358321349691,0.0030424019317095
396,0.0033334988460998,0.0035726879488187,0.0030636068767482
397,0.0032503110888141,0.0034975285731218,0.0029713532421737
398,0.0033462271235431,0.0035878599038103,0.0030735637710401
399,0.0032591730534955,0.0035050761829497,0.0029816849185436
400,0.0032779237589413,0.0035051553806459,0.003021498615242
401,0.0032575117880384,0.0035005933628652,0.0029831955872588
402,0.0032718514863665,0.0035030690816729,0.0030109169375565
403,0.0032504691784693,0.0034907167081278,0.0029793385500934
404,0.0032568024612511,0.0034877407138772,0.0029961721303712
405,0.0032298323543121,0.0034638483458283,0.0029657228562905
406,0.0032573651658803,0.0034683130545108,0.0030192848262047
407,0.0032266165186284,0.0034594942787379,0.0029637824410027
408,0.0032352971199975,0.003452699490343,0.0029899246256911
409,0.0032205070801681,0.0034434723884168,0.0029688518202741
410,0.003253623669158,0.0034797542159342,0.0029983914626592
411,0.0032309165501948,0.0034309277696666,0.0030051609948089
412,0.0032067697217706,0.0034306756093759,0.0029540418393232
413,0.0032054598659577,0.0034252744299745,0.0029573454521596
414,0.0032438124351278,0.0034660091647182,0.0029930048316453
415,0.0032031491605771,0.0034123709768696,0.0029669838811675
416,0.0031883996520944,0.0033986388136529,0.0029510829569489
417,0.0032091876656531,0.0034146411697182,0.0029772694523662
418,0.0031722900198979,0.0033863533448164,0.0029306515646778
419,0.0031804463807305,0.003379972287068,0.0029552140945775
420,0.0032384922243466,0.0034406582561481,0.0030102783889331
421,0.0031544331748113,0.0033663730560378,0.0029151842957644
422,0.0031640733112439,0.0033671143723444,0.0029348662179527
423,0.0031703513990523,0.0033695095411567,0.0029455249555258
424,0.0031613626733723,0.0033579396690721,0.0029394486095906
425,0.0031656907551517,0.0033610579534198,0.0029451409519433
426,0.0031803452381581,0.0033767471734359,0.0029586256020749
427,0.0031516663683108,0.0033422193791002,0.0029365477608422
428,0.0031418087915752,0.0033305331058047,0.0029287537785642
429,0.0031447314676085,0.0033490605054968,0.0029140590675965
430,0.0031812918146677,0.0033799793448938,0.002956985731167
431,0.0031359822987908,0.003308991626413,0.0029406638279783
432,0.0031380518316056,0.0033162650675748,0.0029368591941704
433,0.0031065082605551,0.0032924783975826,0.0028965582981743
434,0.003134034369423,0.0033106168407495,0.0029346816726217
435,0.0031166191546792,0.003295019638226,0.0029152133031701
436,0.0031251120263466,0.0033179347313978,0.0029074246712932
437,0.003109094312866,0.0032863761462986,0.0029089498954514
438,0.0030924608187768,0.0032735778997191,0.0028879870872267
439,0.0031771638425951,0.0033302732479918,0.0030043087735057
440,0.0030342233320227,0.0032291761622999,0.0028141313938028
441,0.0084424786942286,0.0080326130764201,0.0089052003958836
442,0.0042980224543222,0.0045543523961584,0.0040087461814924
443,0.0029987859059915,0.0032478041166082,0.0027177601257771
444,0.0029636041209515,0.0032008567853181,0.002695846674738
445,0.0029552289134248,0.0031854348125481,0.0026954161873407
446,0.0029439537814169,0.0031706033994189,0.0026881485152048
447,0.0029352792359963,0.0031592050905932,0.0026825411960181
448,0.0029527851465073,0.0031665250484953,0.0027115375480868
449,0.0029721792194653,0.0031736784125443,0.0027447430666235
450,0.0030009954546888,0.0031887208925315,0.0027891027792874
451,0.0030110120288839,0.0031988704083205,0.0027989676466794
452,0.0030117215579281,0.0031999573746526,0.0027992497574575
453,0.0030315328916214,0.0032052094507209,0.0028354934078048
454,0.0030369047931574,0.0032042113527881,0.0028480551525423
455,0.0030266127121079,0.0031991937066042,0.0028318106267375
456,0.0030311187305911,0.0032021546068441,0.0028380598670643
457,0.0030243669476623,0.0031876591212972,0.0028400488969201
458,0.003027759428898,0.0032002555319305,0.0028330534038068
459,0.0030417206339688,0.003199057966339,0.0028641250389016
460,0.0030220936033686,0.0031863676050132,0.0028366696494019
461,0.0030374018395451,0.0031928042740081,0.0028619919080437
462,0.0030195315279104,0.0031882953392623,0.0028290411415086
463,0.0030354859561405,0.003188716847393,0.0028625283827722
464,0.0030500620528303,0.0032083691483495,0.0028713759707493
465,0.0030124273852003,0.0031625035576371,0.0028430332025193
466,0.002998037383694,0.0031640956041901,0.0028106057992901
467,0.0030460550445084,0.0031822186311462,0.0028923663258966
468,0.0029771465460083,0.0031342380868289,0.002799838388602
469,0.0030493522039379,0.0031937011870358,0.0028864274982061
470,0.0029891578885115,0.0031327060259163,0.0028271386399865
471,0.0029969732535796,0.003144597246622,0.0028303559243942
472,0.0029768995432691,0.003131376388906,0.0028025490852693
473,0.0030362312329199,0.0031600953620679,0.0028964326378296
474,0.0030061715950418,0.0031460358907064,0.0028483179548397
475,0.0029624988456642,0.0031079913259041,0.0027982950483382
476,0.0029948786103326,0.0031317005032729,0.0028404621995345
477,0.0030209547205066,0.0031505838986674,0.0028746583701271
478,0.0029542301640366,0.003099220927165,0.0027905995557743
479,0.003006797549644,0.003144181698015,0.0028517527312905
480,0.002954126462679,0.0030867300076278,0.0028044792301388
481,0.0091627975761175,0.0088633682385952,0.0095007081346755
482,0.0070413104681806,0.0079820917876945,0.0059799949821987
483,0.0029442661601786,0.0031637336066312,0.002696622005485
484,0.0028803546635452,0.0030795545599451,0.0026555759432452
485,0.002856337194886,0.003049265087648,0.0026386320812044
486,0.0028428689840089,0.0030299739893337,0.002631732100395
487,0.0028338712931732,0.0030174283428362,0.0026267356935399
488,0.002834859934419,0.0030109902509873,0.0026361029312917
489,0.0028825987746581,0.0030248336061233,0.0027220904065126
490,0.0028735469777438,0.0030187230223244,0.0027097210386824
491,0.0029233324581362,0.0030411213302439,0.0027904132371674
492,0.0028879785900841,0.003030502378489,0.0027271498211029
493,0.002871641009632,0.0030152397183231,0.0027096006934615
494,0.0029096913105347,0.0030271675051989,0.0027771297221382
495,0.0028722165975569,0.0030125333278468,0.0027138845891588
496,0.0029085979707576,0.0030352313546557,0.0027657072906467
497,0.0029112925644813,0.0030423732512075,0.0027633857903908
498,0.0028996541037816,0.0030196365180679,0.0027642723412789
499,0.0028897613343415,0.00302926198617,0.0027323596043079
500,0.0028953547495407,0.0030146651416828,0.0027607346019434
501,0.0029008428500306,0.0030203503956359,0.0027660037193334
502,0.0028932934198904,0.0030230654337716,0.0027468749909953
503,0.0029082735906345,0.0030336221821154,0.0027668487605159
504,0.002890425880035,0.0030206655566063,0.0027434850732485
505,0.0028918536657448,0.0030203862303886,0.0027468403838951
506,0.0029546741532594,0.0030645808049788,0.002830676847335
507,0.0028743032822291,0.0030050553437886,0.0027267920591802
508,0.0028951608298365,0.0030069598490654,0.0027690334880555
509,0.002870560842425,0.0029857243655832,0.0027406406236078
510,0.0029038941967442,0.0030114935108959,0.0027825102854444
511,0.0028664508053675,0.002991785544601,0.0027250626919358
512,0.0029140614147175,0.0030184071816767,0.0027963523517804
513,0.0028757028389872,0.0029743125031918,0.0027644673428225
514,0.0028911728101472,0.003007747566873,0.0027596757305089
515,0.0028685563893029,0.0029716291441346,0.002752291995825
516,0.0028959147895526,0.0029963152530142,0.0027826672132983
517,0.0028851581031851,0.002988659725007,0.0027684156707666
518,0.0028646885266885,0.0029782203421222,0.0027366356049297
519,0.0028746847058599,0.0029840335118198,0.0027513528322669
520,0.0028873523015227,0.0029827075624706,0.002779805896371
521,0.0028427644994937,0.0029502862998557,0.0027214994799872
522,0.0031346015589819,0.0031316456657768,0.0031379354092283
523,0.0171011431928197,0.0166342748385487,0.0176276354556621
524,0.0029037556578075,0.0031145403180459,0.0026661969787168
525,0.0028076252260367,0.002984665745794,0.0026080929156806
526,0.0027768794809364,0.002941353938006,0.0025915079303273
527,0.0027612668245729,0.0029190616526951,0.0025834230437987
528,0.0027541990481279,0.0029067875290609,0.0025822232463255
529,0.0027543598635479,0.0028994495491262,0.0025908352449686
530,0.0027421911298814,0.002887584560673,0.0025783253015216
531,0.0027358809255552,0.0028797010373738,0.0025737886810957
532,0.0027349274558476,0.0028753966996164,0.0025766121007201
533,0.0027328607146487,0.0028722639444914,0.0025757479932949
534,0.0027538466436619,0.0028886224514795,0.0026019499213858
535,0.0027993158790085,0.0029122959140387,0.0026719849486129
536,0.0028006612661887,0.0029023655859584,0.0026860402972258
537,0.0028085338088185,0.0029035235656368,0.0027014828484618
538,0.0027894027498221,0.0028964897448366,0.002668722123472
539,0.0028024225523977,0.0029002920856153,0.0026921313914536
540,0.002777217765047,0.0028785820650595,0.0026629909830675
541,0.0028063553771135,0.002894902213787,0.0027065743231261
542,0.0027927687542155,0.0028926049726027,0.0026802698507754
543,0.0027944772960524,0.0028891498646275,0.0026877999159911
544,0.0028072321067818,0.002895977926638,0.0027072354680811
545,0.0027961769033072,0.0028934265378712,0.0026866012121165
546,0.0027922467455606,0.0028812020988852,0.0026920192705636
547,0.002799219863414,0.0029025362837457,0.0026828145274346
548,0.002802328484114,0.0028925123765613,0.0027007220049548
549,0.002820724367418,0.0029132849409837,0.0027164429816596
550,0.0027825387237085,0.002881566902171,0.0026709740355874
551,0.0028453565818831,0.0029271509418395,0.0027532100258865
552,0.0027656269476118,0.0028651210178404,0.0026535432282458
553,0.0027842911411867,0.0028677926530515,0.0026902259360396
554,0.0027842282204691,0.0028614651863322,0.0026972230636712
555,0.0027773179410194,0.0028606360670028,0.0026834654842851
556,0.0027993170196435,0.0028789661203821,0.0027096004159462
557,0.0028112920828991,0.0028995803458559,0.0027118477137815
558,0.0027678664585556,0.0028568589942285,0.0026676317516977
559,0.0027800909539853,0.0028590483336963,0.0026911614707323
560,0.0103806866488109,0.0102555515536229,0.0105216208483195
561,0.0028171406922429,0.002988153198414,0.0026245940090956
562,0.0027079739128098,0.0028474202421917,0.0025509671293989
563,0.0026886600017961,0.0028192901941524,0.0025415799387664
564,0.0026815303206218,0.0028061488234071,0.0025412206034731
565,0.0026748336338899,0.0027956235518848,0.0025388362765726
566,0.0026739102463717,0.0027906521896107,0.0025424716283915
567,0.0026671730659224,0.002784052703793,0.0025355813864881
568,0.0026652763381299,0.0027810698751397,0.0025349088492944
569,0.002679785222022,0.0027892685358911,0.0025565241665739
570,0.0026869970877099,0.0027899853838137,0.0025710499201045
571,0.0027082192175316,0.0028051026071412,0.0025991477011091
572,0.0027263808943745,0.002822385835132,0.0026183006814633
573,0.0027300341435792,0.0028139432995683,0.0026355733168358
574,0.0027282424859062,0.0028002263338427,0.0026472090799925
575,0.002722767066455,0.0027942717254086,0.0026422760148316
576,0.0027327366864703,0.0028076771825476,0.0026483806602732
577,0.0027493305570173,0.0028389478408063,0.0026484568217637
578,0.002729245628503,0.0028079590440323,0.0026406475573288
579,0.0027241828766736,0.0027992083324175,0.0026397387299573
580,0.0027259998940721,0.00280230761167,0.0026401148949081
581,0.0027359642389446,0.0028141479435931,0.0026479713440016
582,0.0027271633229284,0.0027984766797585,0.0026469045845471
583,0.0027364994131141,0.0028120541140775,0.0026514704334502
584,0.0027218311507668,0.0027808062003154,0.0026554632673246
585,0.0027569257207402,0.0028294809350762,0.002675278530917
586,0.0027308980699139,0.0027954015819675,0.0026583142338715
587,0.0027695492949487,0.0028238256598324,0.0027084755287929
588,0.0026950151847694,0.0027679036714776,0.0026130017452882
589,0.0027456269717088,0.0027985892169215,0.0026860361956436
590,0.0027026805245891,0.0027757029900459,0.0026205226548505
591,0.0042709755015117,0.004258976440237,0.0042844749704906
592,0.0101972278936606,0.0108049902759229,0.0095135277616932
593,0.0027225615851806,0.002859068486482,0.0025689951826188
594,0.0026590668248257,0.0027767170027763,0.002526714736972
595,0.0026479874328343,0.002755516319244,0.002527023101169
596,0.0026308721039594,0.0027368410180012,0.0025116646276655
597,0.0026228077559158,0.0027264459881781,0.0025062240552006
598,0.002621494960322,0.0027210335270736,0.0025095248293846
599,0.0026169567618218,0.0027158124151291,0.0025057571615572
600,0.0026299281850118,0.0027229528864751,0.0025252895006401
601,0.0026757501376171,0.002743970289958,0.0025990144961109
602,0.0026781913034166,0.0027389602566307,0.0026098390373241
603,0.0026822923165228,0.0027394765479998,0.0026179744622133
604,0.0026378574066165,0.0027181174784823,0.0025475887050193
605,0.0026929551674372,0.0027435455174947,0.0026360581666607
606,0.0026468014970158,0.002723654061838,0.0025603715377398
607,0.0026999507146426,0.0027498588803214,0.002643824752533
608,0.0026399799566151,0.0027119291574703,0.0025590702590316
609,0.0026821426087708,0.0027381732396668,0.0026191360684055
610,0.0026615523789642,0.0027212032088727,0.0025944773441726
611,0.0026627023224577,0.0027246458027888,0.0025930519243984
612,0.0026675468037902,0.0027234266168729,0.002604716920736
613,0.0026801841808577,0.0027328044801687,0.0026210213686819
614,0.0026713241799499,0.0027354577782027,0.0025992192930043
615,0.0026684974865856,0.0027208850493259,0.00260960079278
616,0.002686994444259,0.0027405899606005,0.0026267422857045
617,0.0026725614372866,0.0027351939669725,0.0026021523405844
618,0.0026582838929813,0.0027122389233548,0.0025976325027795
619,0.0026676420573935,0.0027185929021939,0.0026103693032355
620,0.0026626274027306,0.0027200667319273,0.0025980635710775
621,0.0026631492585169,0.0027100399508131,0.0026104445616253
622,0.0027049987369941,0.0027574668544335,0.0026460279442482
623,0.0026399988182491,0.0026958332716891,0.0025772463807817
624,0.0026637714737179,0.0027104276397049,0.0026113367710036
625,0.0026650270353061,0.0027070291354462,0.0026178247826832
626,0.0026495658787851,0.002700805885134,0.0025919844241191
627,0.0026680081236091,0.0027117371121703,0.0026188695031886
628,0.0026331215090297,0.0026834041581047,0.0025766209623955
629,0.0026748717052278,0.0027224230838732,0.0026214419760637
630,0.0030758335593749,0.0030625847902036,0.0030907194172455
631,0.0025853350913772,0.0026586352508853,0.0025029839957227
632,0.0025987093821356,0.0026593341614411,0.0025306011460759
633,0.0026125928123641,0.0026601239465026,0.0025591959969864
634,0.0026112638385684,0.0026604070521025,0.002556057882053
635,0.0026626267042387,0.0027064796904045,0.0026133656666397
636,0.0026218764686185,0.002660588373082,0.0025783925872258
637,0.002663612024708,0.0026910184398105,0.0026328285986726
638,0.0025997711533699,0.0026572168160305,0.0025352502872019
639,0.0026176812625819,0.0026607247130625,0.0025693385137452
640,0.0026327969830934,0.0026772125798155,0.0025829149555941
641,0.0026390755483222,0.0026777880501491,0.0025956006767698
642,0.0026178285503063,0.0026563566784854,0.0025745621891786
643,0.0026197542972636,0.0026614981129614,0.0025728787083856
644,0.0047445109377455,0.0047095531193219,0.004783764098197
645,0.0158467269972945,0.0180092835328494,0.0134187410914837
646,0.0027275966442745,0.0028642175784993,0.0025741220828183
647,0.0026060257864306,0.0027108731340955,0.0024882452374305
648,0.0025729471958722,0.0026670892539462,0.0024671938453772
649,0.0025575258722058,0.0026459501364804,0.0024581973092875
650,0.0025494331823229,0.0026339597957716,0.0024544854972963
651,0.002548285362527,0.0026275902572605,0.0024592049062402
652,0.002540458325353,0.0026183031203055,0.0024530203693141
653,0.0025342468200533,0.0026118500684999,0.002447082261282
654,0.0025324134927506,0.0026080692304542,0.0024474387132383
655,0.0025325590260138,0.0026053135081034,0.0024508450678878
656,0.0025374801580163,0.0026094579852816,0.0024566404319208
657,0.0025600211487876,0.002625723322383,0.0024862318215045
658,0.0025777404474075,0.002623801905135,0.0025260111016004
659,0.002573039584953,0.0026186899907623,0.0025217737790874
660,0.0025730552151799,0.0026185219246668,0.0025219979103315
661,0.0026068506419018,0.0026474628418759,0.0025612468186841
662,0.0025435346108155,0.0026046175726059,0.0024749464684664
663,0.0025735254978027,0.0026169227803069,0.0025247982726667
664,0.0025666346491286,0.0026113044334142,0.0025164798334842
665,0.0025817279779173,0.0026136274505971,0.0025459134085762
666,0.0025681332812051,0.0026113504162904,0.0025196140114631
667,0.0026011689274449,0.0026230636132749,0.0025765892645024
668,0.0025454539937352,0.0026007651920533,0.002483362807055
669,0.0025803718523056,0.002616666638377,0.0025396290884325
670,0.0025731155630012,0.0026135391278211,0.0025277405582142
671,0.0025814881623543,0.0026156285570727,0.0025431676250365
672,0.0025598639034374,0.0026023339367274,0.0025121959283797
673,0.002589761512354,0.0026187812721337,0.0025571909206307
674,0.0025698520511275,0.0026002005918534,0.0025357920488323
675,0.0025605774094171,0.0025994969165009,0.0025169001139625
676,0.0025884700501619,0.002627320037308,0.0025448727896531
677,0.002561518360362,0.002592988451002,0.0025262046356055
678,0.0025781860993704,0.002604610634723,0.0025485353967682
679,0.0025530482872831,0.0025939974731605,0.0025071014292688
680,0.0025664772132806,0.0026000679559968,0.0025287884607384
681,0.0026016771285371,0.002635304804308,0.0025639484231971
682,0.0025572083053188,0.0025890625500581,0.0025214715625601
683,0.0025499832600054,0.0025816561531915,0.0025144514293795
684,0.0025788410472674,0.002601839663141,0.0025530409331273
685,0.0025429049191638,0.0025758023651297,0.0025060026873505
686,0.0025561527640681,0.0025874896920427,0.0025210025781445
687,0.0025658169055752,0.0025950921793477,0.0025329807105314
688,0.0025529754536245,0.0025844330607791,0.0025176935020194
689,0.0025707509514471,0.0025958717904157,0.0025425774299285
690,0.0025451126616598,0.0025758796531443,0.00251060834559
691,0.0025377940325386,0.0025710230340447,0.0025005302994013
692,0.0025504899959108,0.0025736741636964,0.0025244918252068
693,0.0025637644328967,0.0025897234715897,0.0025346562774343
694,0.0025345496151295,0.0025675154521572,0.0024975860289138
695,0.0025487359697845,0.0025718784491258,0.0025227879870193
696,0.0025512347059004,0.0025757102935452,0.0025237935284773
697,0.0025465428156571,0.0025664617453297,0.0025242116452768
698,0.0137337129116246,0.014216163861236,0.0131928578767022
699,0.0025862607319434,0.0026927480634038,0.0024668950695694
700,0.0025043241289265,0.0025872777761759,0.0024113397706638
701,0.0024814615425926,0.0025562786313733,0.0023975992796359
702,0.0024718496633336,0.0025421439815839,0.0023930590421036
703,0.0024693392574636,0.0025358289066288,0.0023948151613538
704,0.0024636335732095,0.0025283984129665,0.0023910448994638
705,0.0024574773922336,0.0025208911345801,0.0023864046153095
706,0.0024555140066741,0.0025168447402503,0.0023867781344575
707,0.002454697279109,0.0025140158173562,0.0023882186670571
708,0.0024566211798839,0.0025138890610612,0.0023924424265972
709,0.0024714987428689,0.0025194303339554,0.0024177846216568
710,0.0024958916850425,0.0025304959136804,0.0024571144421857
711,0.0025148320157607,0.0025506884005447,0.0024746534311109
712,0.0024855665702636,0.0025258976143004,0.0024403756616091
713,0.0025106377151766,0.0025355604528966,0.0024827129955431
714,0.0024913262994489,0.0025291033982854,0.0024490009174879
715,0.0025001681983621,0.002529333519627,0.0024674923483733
716,0.0024847071547286,0.0025264661561584,0.0024379239008395
717,0.0024882989037179,0.0025227093749275,0.0024497499736496
718,0.0025222147226973,0.0025453496550332,0.0024962986259711
719,0.0024908695045407,0.0025311576465916,0.0024457403642097
720,0.0024906751568043,0.0025189849806742,0.0024589649660305
721,0.0024891795820998,0.0025185263842682,0.0024563087188083
722,0.0024928095176665,0.0025211014864834,0.0024611219984827
723,0.0025018008327055,0.0025312897462322,0.002468773714182
724,0.0024968446561633,0.0025257915728772,0.0024644261052022
725,0.0025107244293045,0.0025314833061073,0.0024874769127692
726,0.0024782793709274,0.0025132130314078,0.0024391596012682
727,0.002489778279054,0.002516604741245,0.0024597384811689
728,0.0024870801999261,0.0025185227083663,0.0024518734032307
729,0.002500862358232,0.0025294289566726,0.0024688768299352
730,0.0024803934049689,0.0025036019070845,0.002454408526778
731,0.0025011517526111,0.0025344563111888,0.0024638649480737
732,0.002484234026398,0.0025126292967623,0.0024524442639879
733,0.0024693420043948,0.0024984322013239,0.0024367764973166
734,0.0024820813800989,0.0025073485684138,0.0024537966854757
735,0.0025045446171942,0.0025249332579962,0.0024817219766026
736,0.0024722050169877,0.002503954680787,0.0024366668411389
737,0.0024644622809695,0.0024939530383268,0.002431453621918
738,0.0024866260508207,0.0025141297750212,0.0024558427588393
739,0.0024844538773212,0.0025059490986732,0.0024603973283912
740,0.0024549677295403,0.0024862921222893,0.0024199115578085
741,0.0024731042301,0.0025002877322035,0.0024426837117796
742,0.002477499510566,0.0025039037120425,0.0024479520765857
743,0.0024579437708275,0.0024864369688198,0.0024260601329833
744,0.0024790270301052,0.0024992700153491,0.0024563764725256
745,0.002447603021118,0.0024843343152579,0.002406505087033
746,0.0024902042297815,0.0025085465573338,0.0024696823275375
747,0.0024558475965427,0.0024835641161924,0.0024248388139625
748,0.0024560062529876,0.0024892074770924,0.0024188632131413
749,0.0024441802413249,0.0024717403081894,0.0024133489627127
750,0.002457863839362,0.002483200220711,0.0024295212451669
751,0.0024723249200656,0.0024947576798649,0.0024472323147523
752,0.0024399144217522,0.0024754140629536,0.0024002065524609
753,0.0024536799361948,0.0024780569047751,0.0024264142848551
754,0.0024425426305205,0.0024675197259645,0.0024146070007723
755,0.0024350795194017,0.0024755555228565,0.0023898115179341
756,0.0024644489649382,0.0024739602966365,0.0024538119182442
757,0.0024428507054431,0.0024768628057732,0.0024048151246112
758,0.0024272388298854,0.0024590987613368,0.0023916117150825
759,0.0024455890384022,0.0024760646740858,0.0024115111692949
760,0.0024303936216077,0.0024594245337401,0.0023979327777833
761,0.0024492230120519,0.0024698169248159,0.0024261967434237
762,0.0024165812823357,0.002452297357259,0.0023766483904586
763,0.0024384900744101,0.0024648722251783,0.0024089945334414
764,0.0024397053233714,0.0024742197875648,0.0024011193920453
765,0.002411112429179,0.0024435101923617,0.0023748946606623
766,0.0024287563753361,0.0024577999755627,0.0023962894591004
767,0.0024203555117539,0.0024544231974604,0.0023822738963056
768,0.0024238964777929,0.0024565115307617,0.0023874399073497
769,0.0024422060044463,0.0024643062091799,0.0024175036326991
770,0.0024032453498379,0.0024479170861381,0.002353316231753
771,0.0024095228261718,0.0024424878000799,0.0023726794040865
772,0.0024087144358252,0.002440298782812,0.0023734151536241
773,0.0024181875668353,0.0024482081150353,0.0023846373460584
774,0.0023907184450313,0.0024284760848703,0.0023485232342147
775,0.0024143446782472,0.0024485352397378,0.0023761376164703
776,0.0024109159883186,0.002440451966561,0.0023779113179618
777,0.0024009169940131,0.0024362601683183,0.0023614249305065
778,0.0024044326873439,0.0024407060859216,0.0023639024555156
779,0.0023950923238927,0.002427486498191,0.0023588980642156
780,0.0024132368535819,0.00244631102271,0.0023762845961057
781,0.0023968052213089,0.0024419923035446,0.0023463215476673
782,0.0023829113395715,0.0024245828107902,0.0023363569440941
783,0.0023969053032083,0.0024277650106773,0.0023624307377207
784,0.0023781725727586,0.0024207454419346,0.0023306146066522
785,0.0023906648610577,0.0024321845619741,0.0023442851120813
786,0.0023878940164741,0.0024243270898369,0.0023471975694363
787,0.0023701479540893,0.0024108786178244,0.0023246530415208
788,0.0024054020577383,0.0024367256320523,0.0023704153447966
789,0.0023800082612933,0.0024251679494751,0.0023295700272564
790,0.0023722523432977,0.0024204460193751,0.0023184268702423
791,0.0023709543783104,0.002417356206217,0.0023191320484108
792,0.0023781230456826,0.0024156962460226,0.0023361623306015
793,0.0023585619861165,0.0024086816419819,0.0023025915548769
794,0.0023627053038452,0.0024075063787438,0.0023126759110112
795,0.0023656436689009,0.0024117948957765,0.0023141079370609
796,0.0023699782158464,0.0024166279448892,0.0023178872417169
797,0.0023643876581142,0.0024041098029813,0.0023200339919915
798,0.0023641695522449,0.002417596181704,0.0023045157613891
799,0.002355700793836,0.002400069815022,0.0023061616717828
800,0.0023448526732284,0.0023992820313633,0.00228408278634
801,0.0023491351766455,0.0023989941868366,0.0022934699746206
802,0.0023706924838173,0.0024130633571232,0.0023233886747009
803,0.0050235491721053,0.0053212937094609,0.0046911522760197
804,0.0070952977844034,0.007664855811839,0.0064594444508353
805,0.0023415937709311,0.0024421853601292,0.0022292839565474
806,0.002304339466259,0.0023966627124922,0.0022012619842596
807,0.002295165590829,0.0023837221170201,0.0021962945918656
808,0.002287679274256,0.0023742898254457,0.0021909820339219
809,0.0022816760512539,0.0023683716655906,0.0021848855728302
810,0.0022790847332075,0.0023648500386061,0.0021833340482165
811,0.0022791157843488,0.0023627161504606,0.0021857836876403
812,0.0022784984186103,0.0023628860345166,0.0021842884680613
813,0.0023007661555752,0.0023785374442472,0.0022139439189975
814,0.0022958269074672,0.0023698174897957,0.0022132269840574
815,0.0023134385348495,0.0023749395899211,0.0022447822695466
816,0.0023106060042563,0.0023811694112314,0.0022318356604588
817,0.0022929067290717,0.002368901113067,0.0022080751827381
818,0.0023043289630099,0.0023710259866684,0.0022298771361208
819,0.002308222787417,0.0023775994025095,0.0022307818619101
820,0.0022995523882634,0.0023728480957674,0.0022177385740132
821,0.0023096475910131,0.0023761141640745,0.0022354574398974
822,0.0023165152130667,0.0023814502238023,0.0022440364565512
823,0.0022890138124689,0.002365031446603,0.0022041669604603
824,0.0023113758105671,0.0023803620886132,0.0022343782298831
825,0.0023011565584727,0.0023719316367248,0.0022221644117374
826,0.0023044327984215,0.0023732260857341,0.0022276542549294
827,0.0022992588805429,0.0023711343234724,0.0022190424538396
828,0.0023006789640269,0.0023720472712408,0.0022210298280109
829,0.0023009514840639,0.0023728135968511,0.002220752665472
830,0.0023000335974637,0.0023700912704108,0.0022218503326064
831,0.0022890088313042,0.0023683115999882,0.002200510096501
832,0.0023125732938448,0.0023773684062891,0.0022402654750028
833,0.0022848142461493,0.0023629498277612,0.0021976213737607
834,0.0022863003171303,0.0023636921906298,0.0021999386571949
835,0.0022856764979848,0.0023667778739837,0.0021951768683702
836,0.0022891916010077,0.0023645735651518,0.0022050755785194
837,0.0022812976591251,0.0023622770342185,0.0021909372363653
838,0.0022827446757053,0.0023632368444455,0.002192929582294
839,0.0022789043459025,0.0023640068153841,0.0021839464421976
840,0.0022766437320358,0.0023610929281196,0.0021824160675433
841,0.0022728533150082,0.0023593810725618,0.0021763077885326
842,0.0022862413474781,0.002366726183229,0.0021964392667128
843,0.0022606100026292,0.0023493207003356,0.0021616312054296
844,0.0022685771850361,0.0023565994801394,0.0021703680177604
845,0.0022784762173853,0.0023681904034068,0.0021783809502129
846,0.0022528770572571,0.0023484439659637,0.0021462527367126
847,0.0022669571988058,0.0023572773418643,0.0021661873271858
848,0.0022501943355445,0.0023453450018558,0.0021440365535178
849,0.0022793639559449,0.0023667525542391,0.0021818670646447
850,0.0022467622072482,0.0023517268921502,0.0021296579301394
851,0.0022479227574711,0.0023486437534706,0.0021355530491682
852,0.0022372029641774,0.0023410276726189,0.0021213718003245
853,0.0022684018988388,0.0023614750643533,0.0021645660051191
854,0.0022328346708996,0.0023360977706621,0.0021176310256123
855,0.0022310361811759,0.0023391520406937,0.0021104192751638
856,0.0022589119852078,0.0023547543419731,0.0021519883926205
857,0.0022320562780768,0.0023485362586198,0.0021021098105443
858,0.002223633947039,0.0023396284051352,0.0020942293516727
859,0.0022281444551554,0.0023355922671129,0.0021082743875343
860,0.0022306409923152793,0.0023615006333913163,0.0020846533189254877
861,0.002239229590302766,0.002363071689909004,0.0021010693491935128
862,0.0022700295002773554,0.002377110937930117,0.0021505674554242026
863,0.002217393366130765,0.002351047003152545,0.0020682875800764923
864,0.0022217432728432345,0.002349943769249049,0.0020787195076770854
865,0.002231359331294744,0.0023560426785902244,0.00209225896708291
866,0.0022354929336356093,0.0023572749218367267,0.002099628597874232
867,0.0022031265767197116,0.002343358744801295,0.002046678118840462
868,0.0022137832917235416,0.002349048361389173,0.002062874467516638
869,0.002216405780854249,0.002347007022248675,0.0020706986942601326
870,0.0022209488311688407,0.002351632880310368,0.002075148494726028
871,0.0021997968233519734,0.002339629717453411,0.002043788715246877
872,0.0022046650298918136,0.002341950469829067,0.0020514967618510127
873,0.002203030791604007,0.0023397142255697587,0.002050533095807439
874,0.002196665053641555,0.0023394329214675557,0.002037376950899459
875,0.002197665891450162,0.0023385661470732002,0.0020404598567484306
876,0.0021943463120760037,0.002336120404622922,0.0020361632741329196
877,0.00218033574220508,0.0023319137052190725,0.0020112125085422184
878,0.002179465458888297,0.002331449614950653,0.0020098859465427017
879,0.002186475625035889,0.0023365673947740684,0.0020190045987773272
880,0.0021796039837139723,0.002329323325550767,0.002012546024887324
881,0.0021711733507349938,0.002325299172427016,0.001999195556937143
882,0.0021699313709343023,0.0023259215522557497,0.0019958706001158466
883,0.0021841048093681984,0.0023399072257105752,0.0020102502959262994
884,0.0021778142780554716,0.0023249820782567814,0.0020135916508452006
885,0.002157651654661003,0.002320008230103989,0.001976477569016167
886,0.002154725751924244,0.002319517940508597,0.0019708296479281
887,0.002197044108984898,0.0023412394920608614,0.002036128698782337
888,0.009485082682033982,0.010140171107563257,0.008754024432614596
889,0.002183246649707658,0.002390844201800799,0.0019515583872550515
890,0.002126993602047665,0.002326295508843179,0.0019045544169711494
891,0.002111703964100793,0.002308526563204148,0.0018920239679647065
892,0.002104438039370709,0.002300141379237175,0.0018859985931259063
893,0.002099579416516453,0.002295007696375251,0.0018814391776392557
894,0.002096196295543,0.002291808631553343,0.001877842307551717
895,0.0020927879724162396,0.0022898495098519506,0.0018728082750293642
896,0.0020902196387525157,0.0022886377956831093,0.0018687171513459297
897,0.002089544625087368,0.0022887127389284697,0.0018671966943363048
898,0.0020953926347158473,0.0022945487683620116,0.0018730493570499197
899,0.00210012608640498,0.002297506517156808,0.0018797564353191791
900,0.002111419014670331,0.002297953857729832,0.0019031507268811416
901,0.0021071080330081963,0.002295380225405097,0.0018968930893643486
902,0.002119766752884695,0.002301077680624645,0.001917317299162875
903,0.002093942506671554,0.002290026094256477,0.001874991573835488
904,0.0021101743467340263,0.0022967305514171267,0.0019018543705419458
905,0.002105113354069416,0.0022949715841072377,0.0018930991716457136
906,0.0021027573784154776,0.0022945045963908084,0.0018886260728285921
907,0.002109543817832765,0.002298059210068349,0.0018990147386141348
908,0.0021131374341708544,0.0023013919996417533,0.00190289203086962
909,0.0020843896535084104,0.0022869513798128775,0.0018581585109591335
910,0.0021061394975116156,0.00229479556649246,0.0018954303390769796
911,0.0021022708705541763,0.0022941532667086584,0.0018879510097751261
912,0.0021024207993777413,0.002293447039626313,0.0018890495882416614
913,0.0020830701387515574,0.00228607693141458,0.0018563092441646137
914,0.0020916450326566144,0.0022890752068523207,0.0018711045414980764
915,0.0021002735081834326,0.0022908553970281526,0.0018873746763218683
916,0.0020854991079881937,0.00228550611063838,0.00186206386989039
917,0.0020796834688746567,0.002284637913390091,0.0018507125317072026
918,0.002085985375963377,0.002284389685350235,0.0018643229785892698
919,0.002085687698457729,0.002285660771333208,0.0018622639701899254
920,0.00207068664115863,0.002278645873314353,0.0018383313494856762
921,0.0020746299173833443,0.0022808191592268872,0.001844242049352915
922,0.002080757175619253,0.0022857342658545634,0.0018517144419478648
923,0.002060472019806956,0.002273487900807099,0.0018224371444302224
924,0.002080075797916512,0.002281694771778403,0.001854766080287671
925,0.0020500992758745195,0.002270432857025151,0.0018038663229989734
926,0.0020733874860323137,0.0022806715163769145,0.0018417270362584128
927,0.002048788817994522,0.002268723437957691,0.001802979712139326
928,0.0020463360529957395,0.002269987729519154,0.0017963603228292983
929,0.0020596080958241165,0.002274320533762526,0.0018196120103256721
930,0.002052077419133951,0.002267968970247441,0.0018107521093704484
931,0.002044015872113482,0.002267376206946945,0.0017943305041020114
932,0.0020501044734070697,0.0022675260087719772,0.0018070458276949898
933,0.002039643195034428,0.002261508246789677,0.0017916054401377385
934,0.0020380048128315295,0.0022634814841428186,0.0017859168959819156
935,0.002044551173281489,0.0022659189575775104,0.0017970445932763996
936,0.0020194957220945695,0.0022544278786752864,0.0017568105561282447
937,0.0020292095705923257,0.0022571849744917466,0.0017742887762553915
938,0.0020339856973162506,0.0022586450977909443,0.0017827598229897294
939,0.0020204487931679443,0.0022540141738988835,0.001759250568357682
940,0.002022032712990738,0.002251327136587916,0.0017655969531548143
941,0.002021722617850761,0.0022529120618157614,0.0017631541116802831
942,0.002014243720108737,0.0022494416622764837,0.0017511778513458792
943,0.002007570176507638,0.0022469706118407877,0.00173978914619621
944,0.0020162848840382967,0.0022447688782568833,0.0017606999579290248
945,0.0020020346526489264,0.002242950896610214,0.0017325288364475574
946,0.0020017734660550653,0.002244183788960329,0.0017305807412761932
947,0.002008988454966157,0.0022433628916100723,0.0017467703472710018
948,0.001998615981493559,0.002238665491041511,0.001730033749187685
949,0.001980791760918995,0.0022314033950820112,0.0017003762780340634
950,0.0019949567269044693,0.0022385741344116855,0.0017223500345617232
951,0.001985846320167184,0.002231432014436583,0.001711021163359736
952,0.00199772702468879,0.002237740196193559,0.0017291216269097846
953,0.001970077583782676,0.0022244638659887845,0.001685370293662253
954,0.001977039758595779,0.0022280188394955013,0.0016961280759800264
955,0.0019778164439938134,0.002225161116156313,0.0017009552866878986
956,0.001980404131998769,0.0022268812783589266,0.0017044972828260125
957,0.0019669075393014485,0.0022219481591060006,0.0016813976325640322
958,0.0019661453823003956,0.0022202347960285466,0.0016816819081967227
959,0.0019598453496159477,0.0022146230859851294,0.0016745930429397508
960,0.001969830093039858,0.0022227834966598134,0.001686601730232889
961,0.0019513180507629206,0.002211465841309741,0.0016600160619639087
962,0.0019486940976213476,0.0022103910127447713,0.0016556382861289411
963,0.001968473167807767,0.002219748913752611,0.0016870678665887827
964,0.0019391768099269783,0.0022040493527634274,0.0016425263073126023
965,0.001956500249416238,0.002208092487464198,0.001674703681004243
966,0.0019408981115886508,0.002204768011591049,0.0016453313156774248
967,0.001940154097739118,0.0022038123664455582,0.0016448042835250046
968,0.0019576277271044825,0.002213260488151902,0.0016712483778276077
969,0.0019348078357958884,0.002197049515829845,0.0016410054857701514
970,0.0019260160695535667,0.0021961570312880505,0.0016233435034695449
971,0.0019301379021878045,0.0021958811904745873,0.0016323711835976803
972,0.0019328888914914746,0.0021937975184897884,0.0016405191460643152
973,0.001946151048424795,0.002202420631856328,0.0016589605371759395
974,0.0019086291578438396,0.0021838563532013485,0.0016001733854845769
975,0.0019175714044126146,0.002187574122364473,0.0016149483642286875
976,0.0019160064379449445,0.002187524096701633,0.001611663869375156
977,0.0019164808068631424,0.002185432936507042,0.0016149922187035583
978,0.0019090280378933507,0.00218272294303534,0.0016022010181908203
979,0.0019058083734390411,0.002178833389541868,0.001599710301797122
980,0.0019108889473959654,0.0021810236697395644,0.0016080089997631884
981,0.0019132191917360431,0.0021805228251549932,0.001613492357798598
982,0.0018931473417188784,0.0021734631954306604,0.0015788076297295365
983,0.001896231483451721,0.002171749138564925,0.0015872490399451268
984,0.00190095714472159,0.0021721544967155263,0.0015967971130246015
985,0.0018946865768726877,0.002169637366978809,0.0015862947953112349
986,0.0018943179036594099,0.0021704100942559015,0.0015846228008299615
987,0.0018769721759276257,0.002162423243539201,0.001556755491588829
988,0.001890745287939831,0.002165595100101347,0.0015823967376197077
989,0.0018945577780179906,0.002167882061459952,0.00158789820000153
990,0.001863809487067464,0.0021529397715560413,0.0015393922251244687
991,0.0018826984492309317,0.0021596015501541624,0.0015719758518360028
992,0.0018730647685570698,0.0021557192308734163,0.0015558644346046176
993,0.0018830217616256288,0.002158875186748878,0.0015734296828282602
994,0.0018601272892526755,0.0021475551466485767,0.0015375213274224238
995,0.001871542921619057,0.002151836377728467,0.0015569191974013894
996,0.0018686901382876165,0.0021498890739461087,0.0015530265065737897
997,0.001862215722506546,0.0021474644320668896,0.0015419810925695028
998,0.0018622612573601532,0.0021451794109636486,0.0015446180254315035
999,0.0018543551518403068,0.002141451503084314,0.0015319957376711748
1000,0.0018719662136087816,0.0021488460726245785,0.0015610534276794454
1001,0.0018401924377269667,0.0021343489972441786,0.0015098545100596366
1002,0.001847833131599908,0.0021358864203170694,0.0015243223181577645
1003,0.0018509665005511107,0.0021361250670231652,0.0015306809688965329
1004,0.0018501681666068658,0.0021363881045030524,0.0015286653081538401
1005,0.0018378534363676802,0.0021276966424075643,0.0015122548822840355
1006,0.0018467460723706718,0.002132891853706855,0.001525275380999753
1007,0.0018288224989623583,0.002124779363811919,0.0014963028270450205
1008,0.0018336227307133753,0.0021236838274306118,0.0015076999975876374
1009,0.0018409038835082842,0.0021275354295291686,0.0015188083029116946
1010,0.0018312422537498853,0.0021214647068068236,0.0015050856669367564
1011,0.0018301114846829964,0.0021234576783208834,0.0015004175019008342
1012,0.0018254980889403007,0.0021170133870621823,0.0014978352607218455
1013,0.001828965942629359,0.002117725782980672,0.0015043734297664328
1014,0.001811964899499082,0.002110971415396592,0.001475826991166957
1015,0.0018180902609883835,0.002112244843796949,0.001487378574286898
1016,0.0018166947681833097,0.002109537601960127,0.0014874305837138584
1017,0.001826244444031306,0.0021127517843110995,0.0015040770269497627
1018,0.0017974071305790784,0.002101389519550433,0.0014555623420899866
1019,0.001807984400945104,0.0021034459056652557,0.0014756926161359357
1020,0.0018271072203237,0.0021133673132745306,0.0015051369872790847
1021,0.0017886635191230612,0.0020934547452876964,0.0014458233267162935
1022,0.0017979887038977308,0.0020984774431909874,0.0014599585103698904
1023,0.0018084024554212586,0.0020988755412587913,0.0014816110829041914
1024,0.001794362628851274,0.0020942622584036803,0.001456938474674267
1025,0.0017976724587362072,0.0020929486867078025,0.0014654216779903932
1026,0.0018027903314566975,0.002093841095991207,0.0014752663443843373
1027,0.0017774556046163644,0.002084504384923764,0.0014319005998491188
1028,0.0018032812713316144,0.0020929729598903597,0.0014772310787153364
1029,0.001771951701040521,0.002080354162237861,0.001424814308664263
1030,0.001791718835716672,0.002087550051980699,0.0014587015729642125
1031,0.001778352474135281,0.0020807957079148655,0.0014378635901863678
1032,0.0017782433812196057,0.002079302231038008,0.0014392835995878535
1033,0.0017797630668307345,0.002080036230818039,0.0014416584909677204
1034,0.0017743175378953568,0.0020747174805199557,0.0014360409072421566
1035,0.0017665651958492217,0.0020722377400920547,0.0014223213251115699
1036,0.001775648947005546,0.0020730157824929312,0.0014407292180083164
1037,0.0017795538931915705,0.0020742514523479976,0.0014476125314361369
1038,0.0017543623560211724,0.0020640044440186083,0.0014055585535713518
1039,0.0017675048297722683,0.0020677250965187946,0.0014292835022764977
1040,0.0017745943817620475,0.002070981054331618,0.0014406633516303217
1041,0.001748241660552043,0.002057177195739415,0.0014001428187269756
1042,0.0017610960663531465,0.0020623415840244053,0.0014216309457998535
1043,0.0017517988530053484,0.0020579967831233234,0.0014067231430530999
1044,0.001751009530077378,0.0020555941190457706,0.001407721277439233
1045,0.0017463663708174018,0.0020533996126191182,0.0014002880121515406
1046,0.0017510407164485918,0.0020536069424277304,0.001409966655009699
1047,0.0017465326848035358,0.0020522879709423793,0.0014018334337801794
1048,0.0017485367675133124,0.002050173786384138,0.0014084504136458189
1049,0.0017409912743276419,0.002046002086835227,0.0013970708559182558
1050,0.0017524775978403561,0.0020520598415962672,0.0014146479185331952
1051,0.0017208577771059641,0.0020368601327216385,0.0013644814154961044
1052,0.0017346148226278447,0.0020408311934031623,0.0013892421877538465
1053,0.0017360615758037175,0.0020411732545442354,0.001391904349815138
1054,0.0017333165660143048,0.002038508757121033,0.0013890377871428777
1055,0.0017280876236694931,0.00203446363748023,0.0013824425404891372
1056,0.0017304018979440584,0.0020346121787272317,0.0013871694141246304
1057,0.0017227257032775218,0.0020319426789729284,0.0013738135122835185
1058,0.0017264866201921996,0.0020313169748400048,0.0013824928072140071
1059,0.0017203209778256338,0.002029152876330596,0.001371780672637426
1060,0.0017142226435055937,0.002025066503333022,0.0013633794198283041
1061,0.0017178596709996011,0.002024082831492779,0.0013722004298346512
1062,0.0017236861002847853,0.002025677789604724,0.001382772559111919
1063,0.0017050248370835124,0.002018764602123863,0.0013508181548630349
1064,0.0017056217983910681,0.002016344961399833,0.0013547881666307498
1065,0.0017208838882395113,0.002018899973152638,0.0013843668857589364
1066,0.0016994232069606884,0.0020126048016898108,0.0013457506476440514
1067,0.0017030122678143658,0.002014145369152303,0.0013516205939172645
1068,0.0017076769933066886,0.002014028595177212,0.0013616541553420401
1069,0.0016953280887030291,0.002006643133078034,0.001343667060324941
1070,0.0016999429731507493,0.0020069810867572977,0.0013530812757748245
1071,0.001692926855710796,0.0020052868240240094,0.001340021154692754
1072,0.0017055429910977531,0.002007659852758727,0.0013641783605433172
1073,0.0016849103414293641,0.0019985649715920893,0.001330477939307163
1074,0.0016877293443269652,0.0019991391143206545,0.0013358011651276188
1075,0.0016926663299796708,0.0019988237840189325,0.0013466417199151234
1076,0.0016853904111705947,0.0019956079271687853,0.001334745579192208
1077,0.0016888472983011542,0.0019965012795338877,0.0013410682764111294
1078,0.0016760300454504863,0.0019901757824676808,0.0013208805672786754
1079,0.0016766820406315453,0.001988661173270131,0.0013239486013642615
1080,0.0016768852206455035,0.0019884850745174017,0.0013245483272417327
1081,0.0016758159741364193,0.001985954640508451,0.001325098575431515
1082,0.0016784654845568266,0.001985608963436927,0.0013311035893481186
1083,0.001667875256812708,0.001981823773339692,0.001312785106946272
1084,0.0016793353739429754,0.001984373245369455,0.0013342909961750712
1085,0.0016658086437882499,0.00197713445716848,0.0013136200846709085
1086,0.001664872797478856,0.001976361467662935,0.00131246764236365
1087,0.0016703893444641974,0.0019780438995421535,0.0013222896853800523
1088,0.0016536855613906876,0.0019697145690595864,0.0012960777490992439
1089,0.0016584111168284458,0.001970733206653309,0.0013049645172996502
1090,0.001665497825462183,0.001972577976759034,0.001317951190896859
1091,0.0016617221661344773,0.0019687771399721802,0.0013141726729262507
1092,0.001649639506899573,0.001963562229789342,0.0012942842452438794
1093,0.0016522356579456517,0.001963440618110877,0.001299923789132424
1094,0.001666775086160862,0.0019677314728573717,0.001326034215956249
1095,0.0016371187579940366,0.0019556189348657774,0.0012764828162023214
1096,0.0016393079645837649,0.001955899548707436,0.0012807988495838762
1097,0.0016484342814150333,0.001957073679541924,0.0012988971271128817
1098,0.0016454117457297716,0.0019551652279033356,0.0012945808279751377
1099,0.0016368542247536507,0.001951490319569153,0.0012804605207885757
1100,0.0016427244591253876,0.0019506951206072112,0.0012938478253687723
1101,0.0016370762758088685,0.0019489069906712482,0.0012837947767246703
1102,0.0016353513464576217,0.0019467091375980714,0.0012825724005586271
1103,0.0016361398885797972,0.0019449425680148932,0.0012862234731496433
1104,0.0016336114700845998,0.0019432239062764278,0.0012827454337078815
1105,0.0016446049593276148,0.001948372800740404,0.0013003305454427998
1106,0.0016157281422761805,0.0019339564846678062,0.0012550325135258261
1107,0.0016267176651668669,0.0019365088506178422,0.0012755517135233138
1108,0.0016251300964880773,0.0019352057245512954,0.0012736090734093027
1109,0.0016247997392025409,0.001935334576322048,0.001272725621050205
1110,0.0016173063177671847,0.0019302854450852281,0.001262427992046331
1111,0.0016252040543188952,0.0019315042206076811,0.0012778662265080845
1112,0.0016250533223472008,0.0019308310648840335,0.0012782766187394207
1113,0.0016039762236742358,0.001921530731840793,0.001243811106600921
1114,0.0016111913231210877,0.0019240716079513382,0.0012562933420254426
1115,0.0016143272144042633,0.0019232778965185087,0.0012638537246131836
1116,0.0016128702695961251,0.001921129106035964,0.0012631493907497085
1117,0.0016103590311802396,0.0019197332416425901,0.001259340417825363
1118,0.00160814212950304,0.001917299290065362,0.0012573373028914436
1119,0.0015999106478623369,0.0019131693871447233,0.0012444191791041934
1120,0.0016105085978228035,0.0019163954062293275,0.0012633501048754862
1121,0.0016010654619847886,0.001910952166795279,0.0012493354698755975
1122,0.0015873461009257219,0.0019055917821448258,0.001226094999407051
1123,0.001625982314263555,0.001920731296066684,0.0012913706472538638
1124,0.0015754314924994804,0.0018975355043875598,0.0012097339783183703
1125,0.0016050739766503073,0.0019079399685554132,0.0012611842283866172
1126,0.0015834273307142083,0.0018972227175842332,0.0012270961264900938
1127,0.0015985637719771175,0.0019026466708799655,0.0012532285017177764
1128,0.0015847513903722618,0.0018968830517766,0.001230243686351436
1129,0.0015941524050301975,0.001898346999142733,0.0012486268897926567
1130,0.0015776687821448601,0.0018914807446752534,0.0012211870058731298
1131,0.0015913071122603737,0.0018971692171004233,0.0012438231502951245
1132,0.001575140334251854,0.0018871864880143543,0.0012205989532774748
1133,0.0015952292808585546,0.0018947221023604423,0.0012549182842250424
1134,0.0015657632141327016,0.0018834529569222017,0.001204743840251908
1135,0.001580880872547777,0.0018879173575157319,0.001231933685226573
1136,0.0015750376688730386,0.0018829651202799545,0.0012250461432179718
1137,0.0015810637739534028,0.0018842777300795371,0.0012363977612682966
1138,0.0015594592021608894,0.0018749836317235322,0.001200767753721036
1139,0.0015693042048657633,0.0018769855977910938,0.0012194950349929958
1140,0.0015729138147876117,0.0018784274603475374,0.0012255375028935947
1141,0.0015742432507168916,0.001877793351969108,0.001229067909239669
1142,0.0015529851803104534,0.0018678936105447285,0.0011948615458389424
1143,0.0015658185960762579,0.001872340076123223,0.0012171994200954684
1144,0.001562505548895158,0.0018690091433154062,0.0012138750571099044
1145,0.0015610244496716092,0.0018669746903175809,0.0012129912225792956
1146,0.001556773252568838,0.00186434017277953,0.0012068690431087908
1147,0.0015577813457565927,0.0018638377618797198,0.0012095632334945328
1148,0.0015554333533715418,0.001861283454498408,0.001207418021313244
1149,0.0015507010470210301,0.0018582789032165,0.001200687965716828
1150,0.001563444372614601,0.0018629113440354816,0.0012226296986236867
1151,0.0015360161466900298,0.0018503802835546207,0.00117821577640081
1152,0.0015573363899337974,0.001857108818696379,0.0012161110356130234
1153,0.001539464394392615,0.0018501090605489233,0.0011858319183999692
1154,0.0015455171515262036,0.0018504267297402928,0.0011983808774425828
1155,0.0015397746047720012,0.0018496318177009623,0.001186973390620992
1156,0.0015453843381067719,0.0018472865781267033,0.0012016083546584906
1157,0.00154741173210281,0.0018486866734526825,0.0012043194017476505
1158,0.0015300139079265523,0.0018409140351595302,0.001175928436398431
1159,0.0015402130084112287,0.0018417590387127918,0.0011967484982721883
1160,0.0015276041307552444,0.001836986897155793,0.001175182220065082
1161,0.0015358741811448426,0.0018388773549837295,0.0011906866654471466
1162,0.0015293473126178588,0.0018351584440097213,0.0011809297738540354
1163,0.0015322481084502106,0.001834862164663847,0.0011874412685030638
1164,0.0015316248408076588,0.0018336692333428396,0.001187435889880013
1165,0.0015299718573012135,0.001831649271112801,0.0011861699708558694
1166,0.001520209620010597,0.0018276315455259097,0.0011698296223061554
1167,0.0015266308269341184,0.0018280707252672826,0.0011830366948017417
1168,0.001520182494064699,0.0018249496657664727,0.0011727645148927666
1169,0.0015237781000464704,0.0018240249435878312,0.0011814819035035643
1170,0.0015101955034723035,0.0018194069512037917,0.0011576476396353106
1171,0.0015205864999161074,0.0018206030539603848,0.0011784902484523077
1172,0.0015355255196077956,0.001825395815140295,0.001204968882828123
1173,0.001502276921522512,0.001813446604317487,0.0011474011604664753
1174,0.001503873649382531,0.0018112041406578036,0.0011533432924706074
1175,0.0015121682657568594,0.0018143023110248826,0.0011675326527576103
1176,0.0015093924012035131,0.0018096760837267144,0.0011668367149082549
1177,0.0015073066866589766,0.0018092631397655969,0.0011628115246298187
1178,0.00151612237683789,0.0018112882207420588,0.0011793439619882842
1179,0.0014958311297996628,0.00180297732386136,0.0011453527576205406
1180,0.0014988437431365854,0.0018027459748672567,0.0011520349900379326
1181,0.0015133446508153068,0.001803762780389551,0.0011818931541509098
1182,0.0014917729481245684,0.0017980313248405553,0.001142213397395957
1183,0.0015086837670286045,0.0018022024093873122,0.001173634224364327
1184,0.0014835939839049571,0.0017923817562992977,0.0011310840256022986
1185,0.001490360986667149,0.0017944290784817905,0.0011432062331210783
1186,0.0015033962266199818,0.0017962004751851312,0.0011690708989691404
1187,0.0014848045068745963,0.001790202776619205,0.001136069184855906
1188,0.0014925855752833262,0.0017918681953986637,0.0011508020929841681
1189,0.0014952495870547314,0.0017878985658024598,0.0011610118425310109
1190,0.0014759349105221153,0.0017831226001785259,0.0011250619174479836
1191,0.0014897701071782245,0.001787080199015562,0.001150147777728059
1192,0.001481723411930631,0.0017806642919289645,0.0011402080200066922
1193,0.001483936711788328,0.0017818222422096314,0.0011435964878535633
1194,0.0014879616892266303,0.001781232537457136,0.0011528636060768004
1195,0.0014684366549111226,0.0017736343892686295,0.0011196807073899592
1196,0.0014863824024984632,0.0017766936628072702,0.0011546067256160608
1197,0.0014724203425393713,0.0017733498831571202,0.0011284803157916876
1198,0.0014808957530844092,0.0017742545889558815,0.0011455778895660934
1199,0.0014638089765371246,0.001766826739920435,0.0011174207684969662
1200,0.0014698125770070938,0.0017686233187865729,0.0011282022113469664
1201,0.0014742887508349888,0.0017683491983328653,0.0011380790459989297
1202,0.0014641179616158508,0.0017632786161031085,0.0011220469593418516
1203,0.0014693781797012145,0.0017633641696055279,0.0011331937264067807
1204,0.0014686438506657277,0.0017634550170653096,0.0011314860841428692
1205,0.0014601000090778778,0.001758640755504144,0.0011186469993036655
1206,0.0014576178580296762,0.0017562209666151592,0.0011160628402116473
1207,0.001459899941703888,0.0017574432157826695,0.0011195266711045847
1208,0.0014569396952712776,0.0017539430350874258,0.0011171537764238738
1209,0.001462039555366518,0.0017541732599093305,0.0011277946518884615
1210,0.0014566642789621696,0.0017514599139115425,0.0011193447010215333
1211,0.001459395122535602,0.0017505476058394922,0.0011262148653975491
1212,0.0014430346117928774,0.0017443345871405922,0.00109821225450647
1213,0.0014597675692515843,0.0017507242114104405,0.0011267520444975658
1214,0.0014435247273532428,0.0017424590234183753,0.0011013488901421577
1215,0.0014513256475141253,0.0017432191566742882,0.0011171791208625743
1216,0.0014459179794284128,0.0017404377218241795,0.0011087354517193757
1217,0.0014478403327027054,0.0017402967111198138,0.0011129906304613358
1218,0.0014383596852609907,0.0017362156473664622,0.0010972980155863545
1219,0.0014467440260988143,0.0017356658695416168,0.001115882717486885
1220,0.001437362178812048,0.001732487571331663,0.0010993678376755931
1221,0.0014335284893861925,0.0017321604866101735,0.001091487956176879
1222,0.0014393983439382428,0.0017313820491027501,0.0011049422077985124
1223,0.0014379410875133341,0.0017294186317935735,0.0011040353300896559
1224,0.0014379535674710166,0.0017287648504016675,0.0011047820896945065
1225,0.0014317339695425649,0.0017231316893653135,0.0010978616985746405
1226,0.0014266578581729771,0.0017239883003493,0.0010859586176170846
1227,0.0014346104322208299,0.0017224874305115504,0.0011047138126962113
1228,0.0014243428701196206,0.001719903349029747,0.0010856123055528963
1229,0.0014300673924894495,0.0017193036525500844,0.0010985552328591696
1230,0.0014190108461230241,0.0017138976636671959,0.0010809930667017747
1231,0.0014266658202754428,0.0017175104215063832,0.0010932517941156872
1232,0.0014138621856656039,0.001710135758986151,0.0010741950457238338
1233,0.0014288947679986707,0.0017150049497646213,0.0011008504843997835
1234,0.0014222049133174799,0.0017117112345824187,0.001090238524619678
1235,0.0014130371444002546,0.00170690069243199,0.0010760452744146489
1236,0.0014153780801353431,0.0017065610101615841,0.0010814308670979709
1237,0.0014111730799248273,0.0017040413333987347,0.0010752634396964703
1238,0.0014139718477228524,0.001703391029179623,0.0010819892079164885
1239,0.0014117813476295484,0.0017016008119992536,0.0010793105148794975
1240,0.001410794490242772,0.0017000905172240854,0.0010788957106250554
1241,0.001410352364840983,0.0016983876256460343,0.0010798710734686917
1242,0.0014045978931597237,0.0016960274190594904,0.0010701936523834564
1243,0.0014080313960974566,0.0016963622459878374,0.0010771536282404807
1244,0.0014065940796181258,0.0016939865020715228,0.0010767650044984137
1245,0.0013963269490767458,0.001689626187358917,0.0010596899071125068
1246,0.0014028252323506154,0.0016909856478580171,0.0010720569442844753
1247,0.0013964057410832005,0.001687007782171772,0.0010628062394457032
1248,0.0013994349547746506,0.0016870175445960326,0.0010692726872447464
1249,0.001394011895172298,0.0016843185447288132,0.0010606934977319053
1250,0.0014010739378687558,0.0016848392422414487,0.0010752377213176453
1251,0.00138962872072377,0.001680281422467846,0.001055856037772063
1252,0.0013880229371628075,0.0016785166543823752,0.001054403670790671
1253,0.00141670244788243,0.0016874425886951462,0.001105741815255823
1254,0.0013888297717773704,0.0016789954988229456,0.001055532058635068
1255,0.001373884075255406,0.0016724510398232425,0.0010309064151681584
1256,0.0013827118949701238,0.0016734873149261782,0.001048653969785782
1257,0.0013830229061458147,0.001671312305126151,0.0010517920235717537
1258,0.0013837295941857978,0.0016704577519887625,0.0010542637854344165
1259,0.0013817362969440192,0.0016683477548543703,0.0010523767518632189
1260,0.0013815691562915088,0.0016668963427137998,0.001053657099331795
1261,0.0013875662386793682,0.0016675994571561765,0.0010657108052530223
1262,0.0013705394513001947,0.0016604908894879199,0.001037256841576009
1263,0.0013681545540822125,0.0016607518949912805,0.0010318010951382945
1264,0.0013761977168891316,0.0016604597936619562,0.0010493970969974091
1265,0.001384623300500515,0.0016624093140390787,0.001065240905977635
1266,0.0013638628185773738,0.0016541751442627625,0.0010300509848001629
1267,0.0013640191631786752,0.0016549342968077822,0.0010294849699777034
1268,0.001371502837476631,0.0016551780481493534,0.0010452653678849038
1269,0.0013658876608436306,0.0016505846099909207,0.0010384473175920471
1270,0.0013712658782047455,0.0016523107893369865,0.0010479982352034763
1271,0.0013625341328801681,0.0016499818761296797,0.0010318740075830409
1272,0.0013550732595225174,0.0016450694341193697,0.0010214528231176012
1273,0.0013623371534519876,0.00164745581181099,0.0010342993126768204
1274,0.0013614926673001563,0.0016436778594542182,0.00103680196105305
1275,0.001355405806356834,0.0016424455985690307,0.0010251016132627622
1276,0.00135676605824494,0.00164147106709542,0.0010291202207839097
1277,0.0013498298075953217,0.0016373579691380564,0.001018906647758088
1278,0.0013562572562615528,0.0016379319248965593,0.0010320427004398421
1279,0.001353501232877148,0.0016364630328190297,0.001027777759273621
1280,0.0013485408395133686,0.0016348419377034662,0.001018945760366441
1281,0.0013558487113885054,0.0016356949927285314,0.0010336567412572678
1282,0.001339223164114913,0.0016283467717732143,0.0010063220891452422
1283,0.001348026811775535,0.0016305347906914775,0.0010227145470744657
1284,0.0013411738686357633,0.0016276704563731046,0.0010112407305654177
1285,0.0013518511750406088,0.0016299906349035375,0.001031514584684199
1286,0.0013339802472278326,0.0016223304549871822,0.0010018565743747684
1287,0.001342238446772851,0.0016236275886044357,0.0010181039552947487
1288,0.0013316173019414447,0.00162032626409347,0.000999023153615946
1289,0.001344760761107083,0.0016211543074630276,0.001026326017877595
1290,0.0013287428724156184,0.0016169737156649883,0.0009966430952772498
1291,0.001332978717982769,0.0016177843084953952,0.0010047969661154455
1292,0.0013337629362752642,0.0016158950759681187,0.0010086339081148382
1293,0.0013312081761677006,0.0016136603145342735,0.0010056826068474112
1294,0.001331525204486844,0.0016143262195824223,0.001005570207266231
1295,0.0013259481238859772,0.0016096768667921424,0.0009988958722761258
1296,0.0013235479233447802,0.0016092663452104486,0.0009941737646133536
1297,0.0013273907707759527,0.0016070428172672035,0.0010049822981318816
1298,0.0013213152914881856,0.0016063307059195006,0.0009926960361425323
1299,0.001322122155500557,0.00160498021880748,0.000995962081519379
1300,0.0013184931077477005,0.0016020022078671238,0.0009915544722003467
1301,0.0013162315166978674,0.0016004563264567593,0.0009884395303834945
1302,0.001318560401683278,0.0016003856564768488,0.0009935077208075484
1303,0.0013199328301436823,0.0016003518772189213,0.0009964745805711682
1304,0.0013121596603381514,0.0015957311449591258,0.0009850373649217114
1305,0.0013104444205046001,0.0015937360944320456,0.0009836173955012453
1306,0.0013136167250893482,0.0015941628506595288,0.0009899290273850314
1307,0.0013007668359675492,0.0015884601579264108,0.000968804854589204
1308,0.0013283882442993499,0.0015977839386617444,0.0010175122932361608
1309,0.0012960538580881976,0.0015854247765747286,0.0009621005679358437
1310,0.001303176510834483,0.0015875577169348193,0.0009749525966301486
1311,0.0013039577423096305,0.0015857395083370685,0.0009787058824616852
1312,0.0013085657347351163,0.001584931852935691,0.0009895378554409201
1313,0.0013009462319784845,0.0015818983942006875,0.0009765977491483543
1314,0.0012924512295579217,0.0015792766094414724,0.0009612941978066557
1315,0.0012972517705738846,0.0015796685327935701,0.0009711563506050769
1316,0.001300829604992436,0.0015792604559336347,0.0009793089455783818
1317,0.0012880613900382411,0.001574930219882817,0.0009567689672676903
1318,0.0012961551264831514,0.0015749779795625745,0.0009741266740184992
1319,0.0012891522063074089,0.0015730161991233777,0.0009612738880366463
1320,0.0012923164288466326,0.0015720216512698868,0.0009692138539523714
1321,0.001288109240263249,0.001570710220910383,0.0009616343316274008
1322,0.0012837998472586877,0.0015671987667435197,0.0009563749666664411
1323,0.0012830363461898283,0.001566394159306932,0.0009556306053348111
1324,0.001288265040417136,0.0015669449248981446,0.000966236805496267
1325,0.0012796580311701152,0.00156343465017136,0.00095171229078933
1326,0.0012806154248972584,0.0015614035238295492,0.0009560952859112259
1327,0.0012791833929679912,0.0015610654125780318,0.000953371619518771
1328,0.0012804465932828007,0.0015600208308303146,0.0009572746113384839
1329,0.001273628952207439,0.0015574820055108932,0.0009454830151023061
1330,0.0012806883808507612,0.0015578936065801165,0.0009601999437577571
1331,0.001269495339283362,0.0015535736209571812,0.000941033075290798
1332,0.0012686570631246074,0.0015525220072536608,0.0009404132442520649
1333,0.001270430296603026,0.0015511678559987834,0.0009457745884469889
1334,0.0012700941879302263,0.001551451393158523,0.0009446940596469424
1335,0.0012644960220451608,0.0015474784239712688,0.0009371883052429466
1336,0.001265068932417592,0.0015471359759550354,0.0009387915993974816
1337,0.0012650549472921124,0.0015459962617229632,0.000940052073359527
1338,0.0012723606213870826,0.001548005104525899,0.0009534579714656704
1339,0.0012516567079030505,0.0015391530445541697,0.0009190146405616719
1340,0.0012565056153695392,0.0015399488749810392,0.0009285239990791212
1341,0.0012615789457064385,0.0015403244860771328,0.0009390052215130341
1342,0.0012595031911394362,0.0015383659170545411,0.000936766764186699
1343,0.001248062009725607,0.0015348706093400416,0.0009161012589395272
1344,0.0012561652357831147,0.0015357686677063354,0.0009325153595353994
1345,0.0012538027702689622,0.0015337103460397986,0.0009297732389626103
1346,0.0012481433170085604,0.0015318581018352298,0.0009196783125522838
1347,0.0012493841938034753,0.0015299458120187576,0.0009245415249924091
1348,0.0012519353662024844,0.0015306902456689966,0.0009291570026879058
1349,0.0012396754240711228,0.0015252162196739303,0.0009090115911223822
1350,0.0012431959774476863,0.0015245262437001473,0.0009173794627199043
1351,0.001241888548717881,0.0015243486080299875,0.0009147352333218235
1352,0.0012418961897962774,0.0015233435757420581,0.0009158876285925883
1353,0.0012404280585340327,0.001521663563890439,0.0009146367518391196
1354,0.0012415910358399603,0.0015205776029633303,0.0009183772002356221
1355,0.0012318197193301537,0.0015167742532518024,0.0009016636806079233
1356,0.0012350136207209693,0.001515794271424488,0.0009096646781380505
1357,0.0012359252632266344,0.001516158530262835,0.0009111829050299195
1358,0.0012263936458644692,0.001511719190713131,0.0008957217673234867
1359,0.0012371236695955046,0.0015140021375070016,0.0009162132316645272
1360,0.0012289177652241455,0.0015120765151963992,0.0009007004637628643
1361,0.0012249300924289709,0.0015075602897941464,0.0008972968178274429
1362,0.0012260340953791382,0.0015086599030635422,0.0008983776564803915
1363,0.001226031266134044,0.001506349624539114,0.0009010213467226636
1364,0.0012205032469478972,0.00150398141351726,0.0008918017136036522
1365,0.0012361021192669117,0.0015100927134467797,0.0009183736460405693
1366,0.0012071806069632823,0.0014961289178410714,0.0008720791607041552
1367,0.0012161042705893215,0.0014999207459634753,0.0008869244854643264
1368,0.001216516539576755,0.001499047897981875,0.0008887985187366304
1369,0.001218783405769353,0.0014967911622741005,0.0008962842726355626
